ProductID,ProductGroupID,ProductName,Category,Price,Manufacturer,WarrantyPeriod,StockQuantity,ReorderLevel,Supplier,Rating,LaunchDate
1,3,Product 1,Clothing,505,Manufacturer 1,2 years,98,18,Supplier 1,3.2,01/31/2020
2,1,Product 2,Clothing,689,Manufacturer 2,2 years,49,7,Supplier 2,4.2,02/29/2020
3,2,Product 3,Electronics,434,Manufacturer 3,1 year,85,16,Supplier 3,4.5,03/31/2020
4,4,Product 4,Toys,511,Manufacturer 4,3 years,18,16,Supplier 4,2.0,04/30/2020
5,1,Product 5,Toys,584,Manufacturer 5,3 years,43,2,Supplier 5,4.5,05/31/2020
6,1,Product 6,Furniture,94,Manufacturer 6,3 years,33,18,Supplier 6,4.6,06/30/2020
7,1,Product 7,Electronics,213,Manufacturer 7,2 years,90,3,Supplier 7,3.5,07/31/2020
8,2,Product 8,Electronics,155,Manufacturer 8,1 year,51,12,Supplier 8,4.1,08/31/2020
9,2,Product 9,Clothing,815,Manufacturer 9,3 years,43,12,Supplier 9,4.8,09/30/2020
10,4,Product 10,Clothing,124,Manufacturer 10,2 years,60,18,Supplier 10,3.1,10/31/2020
11,3,Product 11,Furniture,819,Manufacturer 11,2 years,47,12,Supplier 11,1.5,11/30/2020
12,4,Product 12,Clothing,105,Manufacturer 12,1 year,78,1,Supplier 12,1.8,12/31/2020
13,2,Product 13,Clothing,132,Manufacturer 13,3 years,42,4,Supplier 13,3.4,01/31/2021
14,2,Product 14,Electronics,509,Manufacturer 14,3 years,99,5,Supplier 14,3.7,02/28/2021
15,3,Product 15,Furniture,327,Manufacturer 15,3 years,47,13,Supplier 15,2.6,03/31/2021
16,2,Product 16,Toys,558,Manufacturer 16,3 years,76,2,Supplier 16,2.2,04/30/2021
17,4,Product 17,Furniture,287,Manufacturer 17,2 years,90,12,Supplier 17,4.1,05/31/2021
18,3,Product 18,Electronics,469,Manufacturer 18,3 years,35,12,Supplier 18,3.8,06/30/2021
19,1,Product 19,Electronics,539,Manufacturer 19,1 year,20,19,Supplier 19,4.5,07/31/2021
20,1,Product 20,Clothing,972,Manufacturer 20,2 years,62,10,Supplier 20,3.6,08/31/2021
21,1,Product 21,Clothing,609,Manufacturer 21,1 year,56,12,Supplier 21,3.7,09/30/2021
22,2,Product 22,Electronics,177,Manufacturer 22,2 years,61,2,Supplier 22,2.9,10/31/2021
23,4,Product 23,Furniture,708,Manufacturer 23,1 year,70,19,Supplier 23,2.6,11/30/2021
24,3,Product 24,Electronics,750,Manufacturer 24,3 years,96,7,Supplier 24,3.5,12/31/2021
25,1,Product 25,Toys,595,Manufacturer 25,3 years,60,14,Supplier 25,3.4,01/31/2022
26,3,Product 26,Toys,163,Manufacturer 26,3 years,67,4,Supplier 26,1.9,02/28/2022
27,2,Product 27,Electronics,341,Manufacturer 27,3 years,13,2,Supplier 27,2.4,03/31/2022
28,3,Product 28,Electronics,184,Manufacturer 28,1 year,90,19,Supplier 28,1.4,04/30/2022
29,3,Product 29,Toys,199,Manufacturer 29,1 year,92,3,Supplier 29,3.7,05/31/2022
30,3,Product 30,Clothing,834,Manufacturer 30,2 years,82,7,Supplier 30,1.6,06/30/2022
31,3,Product 31,Toys,265,Manufacturer 31,3 years,15,19,Supplier 31,3.0,07/31/2022
32,4,Product 32,Electronics,302,Manufacturer 32,3 years,67,18,Supplier 32,4.9,08/31/2022
33,1,Product 33,Furniture,836,Manufacturer 33,3 years,47,2,Supplier 33,4.6,09/30/2022
34,2,Product 34,Clothing,417,Manufacturer 34,2 years,19,5,Supplier 34,3.9,10/31/2022
35,4,Product 35,Electronics,932,Manufacturer 35,3 years,29,18,Supplier 35,4.3,11/30/2022
36,3,Product 36,Clothing,321,Manufacturer 36,1 year,94,12,Supplier 36,3.8,12/31/2022
37,2,Product 37,Electronics,699,Manufacturer 37,3 years,30,3,Supplier 37,4.9,01/31/2023
38,1,Product 38,Electronics,383,Manufacturer 38,3 years,63,17,Supplier 38,1.7,02/28/2023
39,3,Product 39,Electronics,776,Manufacturer 39,1 year,55,12,Supplier 39,3.5,03/31/2023
40,2,Product 40,Electronics,126,Manufacturer 40,3 years,88,9,Supplier 40,2.6,04/30/2023
41,2,Product 41,Electronics,767,Manufacturer 41,1 year,97,14,Supplier 41,2.5,05/31/2023
42,3,Product 42,Toys,596,Manufacturer 42,2 years,65,7,Supplier 42,4.8,06/30/2023
43,1,Product 43,Clothing,453,Manufacturer 43,3 years,79,18,Supplier 43,4.3,07/31/2023
44,4,Product 44,Furniture,118,Manufacturer 44,3 years,42,15,Supplier 44,2.2,08/31/2023
45,3,Product 45,Furniture,164,Manufacturer 45,1 year,57,6,Supplier 45,3.2,09/30/2023
46,4,Product 46,Toys,516,Manufacturer 46,3 years,46,10,Supplier 46,3.8,10/31/2023
47,1,Product 47,Clothing,734,Manufacturer 47,2 years,59,9,Supplier 47,3.3,11/30/2023
48,4,Product 48,Electronics,103,Manufacturer 48,1 year,85,4,Supplier 48,2.5,12/31/2023
49,2,Product 49,Furniture,517,Manufacturer 49,1 year,76,11,Supplier 49,1.3,01/31/2024
50,4,Product 50,Clothing,806,Manufacturer 50,3 years,98,1,Supplier 50,3.9,02/29/2024
51,4,Product 51,Furniture,533,Manufacturer 51,1 year,46,12,Supplier 51,3.9,03/31/2024
52,1,Product 52,Electronics,792,Manufacturer 52,1 year,46,4,Supplier 52,2.5,04/30/2024
53,2,Product 53,Clothing,803,Manufacturer 53,3 years,33,15,Supplier 53,1.3,05/31/2024
54,1,Product 54,Electronics,924,Manufacturer 54,3 years,59,2,Supplier 54,1.2,06/30/2024
55,3,Product 55,Toys,429,Manufacturer 55,3 years,77,7,Supplier 55,3.9,07/31/2024
56,2,Product 56,Toys,713,Manufacturer 56,1 year,71,2,Supplier 56,3.9,08/31/2024
57,2,Product 57,Electronics,822,Manufacturer 57,3 years,98,16,Supplier 57,4.5,09/30/2024
58,4,Product 58,Clothing,352,Manufacturer 58,3 years,35,10,Supplier 58,2.5,10/31/2024
59,3,Product 59,Toys,504,Manufacturer 59,3 years,94,4,Supplier 59,3.4,11/30/2024
60,1,Product 60,Furniture,152,Manufacturer 60,2 years,54,11,Supplier 60,3.7,12/31/2024
61,1,Product 61,Electronics,639,Manufacturer 61,1 year,90,9,Supplier 61,4.0,01/31/2025
62,4,Product 62,Toys,267,Manufacturer 62,1 year,49,3,Supplier 62,4.8,02/28/2025
63,3,Product 63,Toys,529,Manufacturer 63,2 years,93,17,Supplier 63,2.5,03/31/2025
64,1,Product 64,Clothing,606,Manufacturer 64,2 years,67,13,Supplier 64,3.5,04/30/2025
65,1,Product 65,Clothing,512,Manufacturer 65,3 years,66,17,Supplier 65,4.5,05/31/2025
66,2,Product 66,Furniture,456,Manufacturer 66,2 years,20,2,Supplier 66,4.5,06/30/2025
67,3,Product 67,Furniture,961,Manufacturer 67,3 years,40,1,Supplier 67,1.8,07/31/2025
68,1,Product 68,Furniture,161,Manufacturer 68,2 years,35,2,Supplier 68,2.0,08/31/2025
69,4,Product 69,Electronics,816,Manufacturer 69,1 year,30,13,Supplier 69,2.5,09/30/2025
70,2,Product 70,Furniture,507,Manufacturer 70,3 years,53,8,Supplier 70,2.1,10/31/2025
71,1,Product 71,Toys,671,Manufacturer 71,3 years,69,6,Supplier 71,1.9,11/30/2025
72,1,Product 72,Electronics,640,Manufacturer 72,1 year,31,6,Supplier 72,4.6,12/31/2025
73,4,Product 73,Electronics,324,Manufacturer 73,3 years,38,18,Supplier 73,3.4,01/31/2026
74,2,Product 74,Furniture,814,Manufacturer 74,3 years,56,7,Supplier 74,4.1,02/28/2026
75,2,Product 75,Electronics,191,Manufacturer 75,3 years,85,6,Supplier 75,3.2,03/31/2026
76,3,Product 76,Electronics,416,Manufacturer 76,3 years,11,12,Supplier 76,1.2,04/30/2026
77,2,Product 77,Toys,881,Manufacturer 77,1 year,85,8,Supplier 77,2.8,05/31/2026
78,2,Product 78,Furniture,470,Manufacturer 78,3 years,57,11,Supplier 78,1.9,06/30/2026
79,2,Product 79,Electronics,746,Manufacturer 79,2 years,39,2,Supplier 79,2.1,07/31/2026
80,2,Product 80,Electronics,743,Manufacturer 80,3 years,79,1,Supplier 80,4.2,08/31/2026
81,2,Product 81,Toys,523,Manufacturer 81,1 year,42,2,Supplier 81,2.8,09/30/2026
82,4,Product 82,Furniture,678,Manufacturer 82,2 years,73,18,Supplier 82,3.4,10/31/2026
83,3,Product 83,Furniture,791,Manufacturer 83,3 years,32,17,Supplier 83,2.0,11/30/2026
84,4,Product 84,Electronics,76,Manufacturer 84,1 year,51,9,Supplier 84,1.0,12/31/2026
85,1,Product 85,Electronics,809,Manufacturer 85,2 years,25,9,Supplier 85,1.9,01/31/2027
86,1,Product 86,Clothing,732,Manufacturer 86,3 years,58,10,Supplier 86,1.4,02/28/2027
87,4,Product 87,Toys,577,Manufacturer 87,3 years,99,3,Supplier 87,4.7,03/31/2027
88,4,Product 88,Electronics,949,Manufacturer 88,1 year,29,3,Supplier 88,4.7,04/30/2027
89,1,Product 89,Toys,826,Manufacturer 89,2 years,77,12,Supplier 89,3.0,05/31/2027
90,4,Product 90,Toys,874,Manufacturer 90,1 year,46,17,Supplier 90,4.4,06/30/2027
91,1,Product 91,Toys,541,Manufacturer 91,2 years,63,13,Supplier 91,2.2,07/31/2027
92,1,Product 92,Clothing,736,Manufacturer 92,1 year,18,2,Supplier 92,4.4,08/31/2027
93,1,Product 93,Furniture,651,Manufacturer 93,2 years,96,8,Supplier 93,2.0,09/30/2027
94,3,Product 94,Toys,129,Manufacturer 94,1 year,73,3,Supplier 94,3.2,10/31/2027
95,3,Product 95,Furniture,728,Manufacturer 95,3 years,11,2,Supplier 95,2.3,11/30/2027
96,4,Product 96,Furniture,88,Manufacturer 96,1 year,33,17,Supplier 96,2.2,12/31/2027
97,4,Product 97,Toys,445,Manufacturer 97,3 years,67,18,Supplier 97,3.4,01/31/2028
98,1,Product 98,Furniture,127,Manufacturer 98,1 year,49,15,Supplier 98,2.1,02/29/2028
99,4,Product 99,Clothing,745,Manufacturer 99,3 years,49,6,Supplier 99,3.8,03/31/2028
100,2,Product 100,Electronics,821,Manufacturer 100,3 years,92,5,Supplier 100,4.9,04/30/2028
101,2,Product 101,Clothing,460,Manufacturer 101,3 years,20,16,Supplier 101,4.6,05/31/2028
102,3,Product 102,Electronics,515,Manufacturer 102,3 years,63,6,Supplier 102,1.5,06/30/2028
103,1,Product 103,Furniture,668,Manufacturer 103,3 years,54,2,Supplier 103,1.1,07/31/2028
104,2,Product 104,Electronics,863,Manufacturer 104,3 years,12,10,Supplier 104,3.1,08/31/2028
105,2,Product 105,Electronics,551,Manufacturer 105,1 year,90,9,Supplier 105,4.5,09/30/2028
106,1,Product 106,Toys,608,Manufacturer 106,2 years,63,16,Supplier 106,3.8,10/31/2028
107,2,Product 107,Furniture,882,Manufacturer 107,2 years,41,11,Supplier 107,4.4,11/30/2028
108,1,Product 108,Furniture,567,Manufacturer 108,2 years,91,6,Supplier 108,3.6,12/31/2028
109,3,Product 109,Clothing,808,Manufacturer 109,3 years,95,3,Supplier 109,2.6,01/31/2029
110,3,Product 110,Clothing,782,Manufacturer 110,3 years,39,6,Supplier 110,2.4,02/28/2029
111,1,Product 111,Clothing,639,Manufacturer 111,3 years,93,15,Supplier 111,3.8,03/31/2029
112,1,Product 112,Furniture,347,Manufacturer 112,2 years,22,19,Supplier 112,4.1,04/30/2029
113,3,Product 113,Toys,714,Manufacturer 113,1 year,24,2,Supplier 113,4.3,05/31/2029
114,1,Product 114,Clothing,408,Manufacturer 114,2 years,63,13,Supplier 114,1.8,06/30/2029
115,1,Product 115,Toys,686,Manufacturer 115,1 year,20,12,Supplier 115,2.2,07/31/2029
116,1,Product 116,Electronics,748,Manufacturer 116,3 years,99,11,Supplier 116,1.1,08/31/2029
117,4,Product 117,Electronics,773,Manufacturer 117,3 years,56,4,Supplier 117,1.8,09/30/2029
118,3,Product 118,Toys,91,Manufacturer 118,3 years,52,7,Supplier 118,2.7,10/31/2029
119,3,Product 119,Clothing,510,Manufacturer 119,3 years,39,15,Supplier 119,4.2,11/30/2029
120,1,Product 120,Electronics,294,Manufacturer 120,2 years,56,9,Supplier 120,4.7,12/31/2029
121,1,Product 121,Clothing,185,Manufacturer 121,1 year,56,12,Supplier 121,4.2,01/31/2030
122,4,Product 122,Electronics,577,Manufacturer 122,3 years,32,14,Supplier 122,3.5,02/28/2030
123,2,Product 123,Clothing,276,Manufacturer 123,3 years,53,9,Supplier 123,3.3,03/31/2030
124,2,Product 124,Clothing,414,Manufacturer 124,3 years,60,8,Supplier 124,1.7,04/30/2030
125,2,Product 125,Electronics,955,Manufacturer 125,3 years,81,13,Supplier 125,3.9,05/31/2030
126,1,Product 126,Toys,102,Manufacturer 126,1 year,11,15,Supplier 126,2.2,06/30/2030
127,1,Product 127,Furniture,242,Manufacturer 127,2 years,34,2,Supplier 127,3.6,07/31/2030
128,4,Product 128,Toys,674,Manufacturer 128,2 years,19,19,Supplier 128,3.2,08/31/2030
129,2,Product 129,Toys,401,Manufacturer 129,3 years,53,2,Supplier 129,3.0,09/30/2030
130,1,Product 130,Furniture,667,Manufacturer 130,2 years,24,18,Supplier 130,3.9,10/31/2030
131,1,Product 131,Clothing,626,Manufacturer 131,1 year,77,17,Supplier 131,1.6,11/30/2030
132,2,Product 132,Electronics,555,Manufacturer 132,3 years,75,16,Supplier 132,2.9,12/31/2030
133,2,Product 133,Electronics,979,Manufacturer 133,2 years,10,9,Supplier 133,1.4,01/31/2031
134,4,Product 134,Clothing,292,Manufacturer 134,3 years,45,19,Supplier 134,2.6,02/28/2031
135,4,Product 135,Toys,582,Manufacturer 135,3 years,19,7,Supplier 135,3.0,03/31/2031
136,1,Product 136,Electronics,884,Manufacturer 136,2 years,90,11,Supplier 136,4.3,04/30/2031
137,1,Product 137,Clothing,168,Manufacturer 137,1 year,56,6,Supplier 137,2.0,05/31/2031
138,4,Product 138,Electronics,944,Manufacturer 138,3 years,44,12,Supplier 138,3.6,06/30/2031
139,4,Product 139,Toys,386,Manufacturer 139,2 years,45,10,Supplier 139,4.4,07/31/2031
140,1,Product 140,Electronics,186,Manufacturer 140,3 years,52,3,Supplier 140,1.8,08/31/2031
141,3,Product 141,Electronics,227,Manufacturer 141,3 years,35,15,Supplier 141,1.3,09/30/2031
142,1,Product 142,Electronics,174,Manufacturer 142,3 years,38,3,Supplier 142,3.7,10/31/2031
143,1,Product 143,Electronics,710,Manufacturer 143,2 years,71,11,Supplier 143,1.6,11/30/2031
144,1,Product 144,Clothing,830,Manufacturer 144,3 years,95,10,Supplier 144,1.5,12/31/2031
145,1,Product 145,Electronics,502,Manufacturer 145,3 years,93,2,Supplier 145,2.1,01/31/2032
146,1,Product 146,Clothing,989,Manufacturer 146,2 years,78,14,Supplier 146,3.5,02/29/2032
147,1,Product 147,Electronics,715,Manufacturer 147,1 year,84,15,Supplier 147,3.0,03/31/2032
148,4,Product 148,Clothing,578,Manufacturer 148,2 years,79,11,Supplier 148,2.1,04/30/2032
149,4,Product 149,Toys,993,Manufacturer 149,3 years,23,1,Supplier 149,1.2,05/31/2032
150,1,Product 150,Toys,968,Manufacturer 150,3 years,40,7,Supplier 150,4.0,06/30/2032
151,1,Product 151,Electronics,89,Manufacturer 151,2 years,96,5,Supplier 151,2.3,07/31/2032
152,3,Product 152,Electronics,102,Manufacturer 152,2 years,83,2,Supplier 152,1.8,08/31/2032
153,4,Product 153,Electronics,151,Manufacturer 153,3 years,96,2,Supplier 153,3.3,09/30/2032
154,3,Product 154,Electronics,355,Manufacturer 154,2 years,26,10,Supplier 154,2.8,10/31/2032
155,2,Product 155,Furniture,931,Manufacturer 155,2 years,65,12,Supplier 155,1.3,11/30/2032
156,4,Product 156,Electronics,392,Manufacturer 156,3 years,47,3,Supplier 156,1.8,12/31/2032
157,2,Product 157,Furniture,55,Manufacturer 157,3 years,21,12,Supplier 157,4.7,01/31/2033
158,3,Product 158,Clothing,663,Manufacturer 158,2 years,29,16,Supplier 158,4.2,02/28/2033
159,1,Product 159,Clothing,872,Manufacturer 159,3 years,93,17,Supplier 159,1.5,03/31/2033
160,2,Product 160,Clothing,179,Manufacturer 160,3 years,39,9,Supplier 160,2.1,04/30/2033
161,3,Product 161,Clothing,50,Manufacturer 161,1 year,88,2,Supplier 161,2.1,05/31/2033
162,4,Product 162,Clothing,102,Manufacturer 162,1 year,33,9,Supplier 162,3.0,06/30/2033
163,3,Product 163,Clothing,331,Manufacturer 163,1 year,90,13,Supplier 163,4.5,07/31/2033
164,4,Product 164,Electronics,678,Manufacturer 164,1 year,90,13,Supplier 164,3.1,08/31/2033
165,4,Product 165,Clothing,827,Manufacturer 165,1 year,12,13,Supplier 165,1.3,09/30/2033
166,1,Product 166,Electronics,844,Manufacturer 166,1 year,39,2,Supplier 166,4.8,10/31/2033
167,3,Product 167,Furniture,139,Manufacturer 167,3 years,46,6,Supplier 167,1.5,11/30/2033
168,2,Product 168,Furniture,607,Manufacturer 168,3 years,77,8,Supplier 168,2.8,12/31/2033
169,3,Product 169,Furniture,962,Manufacturer 169,3 years,62,2,Supplier 169,3.7,01/31/2034
170,1,Product 170,Clothing,315,Manufacturer 170,1 year,69,4,Supplier 170,3.5,02/28/2034
171,4,Product 171,Furniture,909,Manufacturer 171,3 years,37,13,Supplier 171,2.2,03/31/2034
172,4,Product 172,Furniture,734,Manufacturer 172,2 years,15,4,Supplier 172,3.3,04/30/2034
173,2,Product 173,Furniture,887,Manufacturer 173,1 year,64,11,Supplier 173,3.4,05/31/2034
174,2,Product 174,Furniture,853,Manufacturer 174,3 years,14,11,Supplier 174,1.3,06/30/2034
175,4,Product 175,Toys,761,Manufacturer 175,1 year,32,13,Supplier 175,4.5,07/31/2034
176,1,Product 176,Furniture,84,Manufacturer 176,2 years,75,4,Supplier 176,2.6,08/31/2034
177,1,Product 177,Clothing,648,Manufacturer 177,3 years,51,6,Supplier 177,2.7,09/30/2034
178,1,Product 178,Electronics,127,Manufacturer 178,2 years,80,13,Supplier 178,2.9,10/31/2034
179,1,Product 179,Toys,494,Manufacturer 179,3 years,11,17,Supplier 179,4.3,11/30/2034
180,1,Product 180,Furniture,958,Manufacturer 180,2 years,26,4,Supplier 180,2.5,12/31/2034
181,4,Product 181,Clothing,750,Manufacturer 181,1 year,59,12,Supplier 181,4.8,01/31/2035
182,2,Product 182,Clothing,435,Manufacturer 182,2 years,66,17,Supplier 182,3.1,02/28/2035
183,4,Product 183,Clothing,991,Manufacturer 183,2 years,17,2,Supplier 183,3.9,03/31/2035
184,1,Product 184,Clothing,183,Manufacturer 184,1 year,35,1,Supplier 184,4.1,04/30/2035
185,1,Product 185,Furniture,304,Manufacturer 185,3 years,89,17,Supplier 185,1.4,05/31/2035
186,1,Product 186,Furniture,272,Manufacturer 186,3 years,74,10,Supplier 186,3.2,06/30/2035
187,1,Product 187,Electronics,224,Manufacturer 187,2 years,25,13,Supplier 187,1.6,07/31/2035
188,3,Product 188,Electronics,922,Manufacturer 188,1 year,59,10,Supplier 188,2.3,08/31/2035
189,1,Product 189,Electronics,488,Manufacturer 189,3 years,82,9,Supplier 189,3.0,09/30/2035
190,4,Product 190,Furniture,186,Manufacturer 190,2 years,63,12,Supplier 190,2.2,10/31/2035
191,1,Product 191,Toys,976,Manufacturer 191,3 years,97,18,Supplier 191,5.0,11/30/2035
192,2,Product 192,Furniture,375,Manufacturer 192,3 years,26,9,Supplier 192,2.3,12/31/2035
193,3,Product 193,Electronics,596,Manufacturer 193,3 years,77,8,Supplier 193,2.3,01/31/2036
194,3,Product 194,Toys,499,Manufacturer 194,2 years,53,18,Supplier 194,3.3,02/29/2036
195,1,Product 195,Clothing,85,Manufacturer 195,2 years,70,11,Supplier 195,2.0,03/31/2036
196,2,Product 196,Furniture,858,Manufacturer 196,3 years,11,13,Supplier 196,4.8,04/30/2036
197,1,Product 197,Furniture,245,Manufacturer 197,1 year,13,1,Supplier 197,4.9,05/31/2036
198,4,Product 198,Electronics,513,Manufacturer 198,1 year,18,13,Supplier 198,3.4,06/30/2036
199,4,Product 199,Furniture,188,Manufacturer 199,3 years,57,17,Supplier 199,4.3,07/31/2036
200,2,Product 200,Clothing,105,Manufacturer 200,1 year,47,13,Supplier 200,2.6,08/31/2036
201,3,Product 201,Toys,921,Manufacturer 201,1 year,44,1,Supplier 201,2.7,09/30/2036
202,2,Product 202,Clothing,776,Manufacturer 202,1 year,89,13,Supplier 202,2.4,10/31/2036
203,2,Product 203,Clothing,164,Manufacturer 203,1 year,11,8,Supplier 203,4.6,11/30/2036
204,1,Product 204,Furniture,654,Manufacturer 204,2 years,17,17,Supplier 204,4.2,12/31/2036
205,2,Product 205,Furniture,487,Manufacturer 205,3 years,28,15,Supplier 205,1.1,01/31/2037
206,3,Product 206,Furniture,221,Manufacturer 206,2 years,69,13,Supplier 206,1.7,02/28/2037
207,1,Product 207,Clothing,215,Manufacturer 207,2 years,47,8,Supplier 207,2.9,03/31/2037
208,4,Product 208,Toys,573,Manufacturer 208,3 years,45,14,Supplier 208,3.2,04/30/2037
209,1,Product 209,Electronics,350,Manufacturer 209,1 year,21,10,Supplier 209,2.9,05/31/2037
210,1,Product 210,Toys,556,Manufacturer 210,2 years,42,17,Supplier 210,2.4,06/30/2037
211,2,Product 211,Toys,442,Manufacturer 211,2 years,31,7,Supplier 211,1.3,07/31/2037
212,3,Product 212,Electronics,465,Manufacturer 212,1 year,37,8,Supplier 212,1.8,08/31/2037
213,1,Product 213,Clothing,70,Manufacturer 213,2 years,26,6,Supplier 213,4.7,09/30/2037
214,1,Product 214,Furniture,195,Manufacturer 214,1 year,28,10,Supplier 214,3.6,10/31/2037
215,3,Product 215,Furniture,771,Manufacturer 215,3 years,25,6,Supplier 215,2.5,11/30/2037
216,1,Product 216,Clothing,723,Manufacturer 216,1 year,72,14,Supplier 216,2.2,12/31/2037
217,1,Product 217,Electronics,117,Manufacturer 217,1 year,54,3,Supplier 217,1.3,01/31/2038
218,3,Product 218,Electronics,404,Manufacturer 218,2 years,38,11,Supplier 218,1.6,02/28/2038
219,1,Product 219,Electronics,60,Manufacturer 219,3 years,63,13,Supplier 219,4.4,03/31/2038
220,3,Product 220,Toys,934,Manufacturer 220,3 years,74,19,Supplier 220,2.6,04/30/2038
221,2,Product 221,Electronics,113,Manufacturer 221,1 year,59,5,Supplier 221,3.3,05/31/2038
222,1,Product 222,Toys,601,Manufacturer 222,2 years,48,4,Supplier 222,1.8,06/30/2038
223,1,Product 223,Electronics,679,Manufacturer 223,2 years,25,14,Supplier 223,4.1,07/31/2038
224,2,Product 224,Clothing,997,Manufacturer 224,1 year,61,12,Supplier 224,1.6,08/31/2038
225,3,Product 225,Clothing,229,Manufacturer 225,3 years,15,3,Supplier 225,2.0,09/30/2038
226,4,Product 226,Furniture,814,Manufacturer 226,1 year,62,4,Supplier 226,1.1,10/31/2038
227,1,Product 227,Clothing,575,Manufacturer 227,2 years,56,8,Supplier 227,1.1,11/30/2038
228,4,Product 228,Electronics,954,Manufacturer 228,1 year,60,13,Supplier 228,1.8,12/31/2038
229,1,Product 229,Clothing,930,Manufacturer 229,3 years,13,3,Supplier 229,3.4,01/31/2039
230,4,Product 230,Electronics,82,Manufacturer 230,3 years,54,1,Supplier 230,4.2,02/28/2039
231,1,Product 231,Toys,487,Manufacturer 231,2 years,14,6,Supplier 231,1.7,03/31/2039
232,2,Product 232,Electronics,495,Manufacturer 232,3 years,54,16,Supplier 232,1.9,04/30/2039
233,1,Product 233,Electronics,70,Manufacturer 233,1 year,89,19,Supplier 233,1.7,05/31/2039
234,2,Product 234,Toys,756,Manufacturer 234,2 years,45,9,Supplier 234,3.3,06/30/2039
235,4,Product 235,Toys,275,Manufacturer 235,1 year,33,4,Supplier 235,4.9,07/31/2039
236,3,Product 236,Electronics,601,Manufacturer 236,2 years,94,14,Supplier 236,3.1,08/31/2039
237,4,Product 237,Electronics,679,Manufacturer 237,3 years,37,8,Supplier 237,1.1,09/30/2039
238,1,Product 238,Furniture,286,Manufacturer 238,3 years,22,7,Supplier 238,3.9,10/31/2039
239,4,Product 239,Furniture,592,Manufacturer 239,3 years,53,11,Supplier 239,2.0,11/30/2039
240,3,Product 240,Toys,872,Manufacturer 240,3 years,48,10,Supplier 240,1.2,12/31/2039
241,2,Product 241,Clothing,922,Manufacturer 241,1 year,32,12,Supplier 241,4.1,01/31/2040
242,1,Product 242,Electronics,344,Manufacturer 242,2 years,35,8,Supplier 242,1.3,02/29/2040
243,2,Product 243,Toys,715,Manufacturer 243,1 year,75,10,Supplier 243,1.6,03/31/2040
244,4,Product 244,Toys,226,Manufacturer 244,2 years,92,3,Supplier 244,4.8,04/30/2040
245,4,Product 245,Clothing,205,Manufacturer 245,1 year,79,10,Supplier 245,4.4,05/31/2040
246,2,Product 246,Furniture,75,Manufacturer 246,2 years,61,5,Supplier 246,2.4,06/30/2040
247,4,Product 247,Clothing,846,Manufacturer 247,3 years,84,3,Supplier 247,2.6,07/31/2040
248,1,Product 248,Toys,456,Manufacturer 248,1 year,71,11,Supplier 248,1.8,08/31/2040
249,4,Product 249,Clothing,553,Manufacturer 249,1 year,99,11,Supplier 249,3.3,09/30/2040
250,3,Product 250,Furniture,915,Manufacturer 250,3 years,60,13,Supplier 250,2.6,10/31/2040
251,4,Product 251,Clothing,830,Manufacturer 251,3 years,11,14,Supplier 251,1.5,11/30/2040
252,2,Product 252,Toys,573,Manufacturer 252,1 year,28,10,Supplier 252,2.0,12/31/2040
253,2,Product 253,Furniture,392,Manufacturer 253,1 year,33,1,Supplier 253,4.3,01/31/2041
254,2,Product 254,Electronics,441,Manufacturer 254,3 years,71,13,Supplier 254,1.8,02/28/2041
255,1,Product 255,Electronics,633,Manufacturer 255,2 years,17,19,Supplier 255,1.7,03/31/2041
256,1,Product 256,Electronics,74,Manufacturer 256,3 years,10,18,Supplier 256,1.4,04/30/2041
257,1,Product 257,Clothing,994,Manufacturer 257,2 years,80,4,Supplier 257,3.9,05/31/2041
258,4,Product 258,Furniture,889,Manufacturer 258,3 years,87,17,Supplier 258,4.3,06/30/2041
259,1,Product 259,Furniture,832,Manufacturer 259,2 years,46,10,Supplier 259,3.2,07/31/2041
260,4,Product 260,Electronics,175,Manufacturer 260,1 year,14,18,Supplier 260,1.4,08/31/2041
261,3,Product 261,Toys,897,Manufacturer 261,1 year,12,11,Supplier 261,2.0,09/30/2041
262,1,Product 262,Toys,180,Manufacturer 262,1 year,37,4,Supplier 262,2.2,10/31/2041
263,2,Product 263,Electronics,65,Manufacturer 263,3 years,40,12,Supplier 263,2.0,11/30/2041
264,3,Product 264,Toys,859,Manufacturer 264,1 year,85,17,Supplier 264,2.4,12/31/2041
265,4,Product 265,Furniture,150,Manufacturer 265,1 year,90,9,Supplier 265,2.3,01/31/2042
266,1,Product 266,Furniture,387,Manufacturer 266,3 years,24,16,Supplier 266,3.7,02/28/2042
267,1,Product 267,Clothing,904,Manufacturer 267,3 years,17,9,Supplier 267,1.4,03/31/2042
268,1,Product 268,Furniture,519,Manufacturer 268,3 years,73,1,Supplier 268,1.6,04/30/2042
269,4,Product 269,Clothing,467,Manufacturer 269,3 years,12,6,Supplier 269,4.2,05/31/2042
270,3,Product 270,Clothing,267,Manufacturer 270,1 year,26,8,Supplier 270,1.8,06/30/2042
271,3,Product 271,Toys,296,Manufacturer 271,1 year,27,10,Supplier 271,3.2,07/31/2042
272,4,Product 272,Furniture,916,Manufacturer 272,3 years,26,2,Supplier 272,3.1,08/31/2042
273,4,Product 273,Furniture,433,Manufacturer 273,1 year,90,12,Supplier 273,3.1,09/30/2042
274,2,Product 274,Toys,649,Manufacturer 274,1 year,31,2,Supplier 274,4.7,10/31/2042
275,1,Product 275,Electronics,703,Manufacturer 275,2 years,37,15,Supplier 275,2.2,11/30/2042
276,2,Product 276,Clothing,987,Manufacturer 276,2 years,47,14,Supplier 276,1.2,12/31/2042
277,1,Product 277,Toys,773,Manufacturer 277,2 years,54,11,Supplier 277,1.4,01/31/2043
278,2,Product 278,Electronics,512,Manufacturer 278,1 year,51,16,Supplier 278,4.8,02/28/2043
279,3,Product 279,Toys,610,Manufacturer 279,3 years,90,15,Supplier 279,3.1,03/31/2043
280,4,Product 280,Toys,764,Manufacturer 280,3 years,39,10,Supplier 280,2.1,04/30/2043
281,2,Product 281,Electronics,757,Manufacturer 281,3 years,27,7,Supplier 281,2.6,05/31/2043
282,1,Product 282,Clothing,690,Manufacturer 282,1 year,28,2,Supplier 282,1.9,06/30/2043
283,2,Product 283,Clothing,448,Manufacturer 283,2 years,62,16,Supplier 283,3.7,07/31/2043
284,4,Product 284,Clothing,394,Manufacturer 284,2 years,25,3,Supplier 284,1.5,08/31/2043
285,1,Product 285,Clothing,704,Manufacturer 285,1 year,53,14,Supplier 285,3.4,09/30/2043
286,2,Product 286,Electronics,160,Manufacturer 286,2 years,65,4,Supplier 286,4.0,10/31/2043
287,2,Product 287,Electronics,827,Manufacturer 287,2 years,59,7,Supplier 287,2.1,11/30/2043
288,1,Product 288,Furniture,991,Manufacturer 288,3 years,12,3,Supplier 288,4.9,12/31/2043
289,1,Product 289,Clothing,125,Manufacturer 289,2 years,86,9,Supplier 289,2.3,01/31/2044
290,3,Product 290,Toys,632,Manufacturer 290,1 year,37,6,Supplier 290,5.0,02/29/2044
291,2,Product 291,Electronics,306,Manufacturer 291,2 years,68,13,Supplier 291,2.4,03/31/2044
292,4,Product 292,Furniture,740,Manufacturer 292,3 years,75,13,Supplier 292,2.8,04/30/2044
293,2,Product 293,Toys,320,Manufacturer 293,1 year,77,9,Supplier 293,4.1,05/31/2044
294,3,Product 294,Clothing,985,Manufacturer 294,3 years,53,8,Supplier 294,3.8,06/30/2044
295,2,Product 295,Electronics,574,Manufacturer 295,2 years,42,15,Supplier 295,1.3,07/31/2044
296,3,Product 296,Toys,617,Manufacturer 296,1 year,26,16,Supplier 296,2.2,08/31/2044
297,3,Product 297,Furniture,142,Manufacturer 297,1 year,50,10,Supplier 297,2.7,09/30/2044
298,3,Product 298,Clothing,185,Manufacturer 298,1 year,18,1,Supplier 298,2.5,10/31/2044
299,2,Product 299,Electronics,986,Manufacturer 299,1 year,24,15,Supplier 299,3.0,11/30/2044
300,3,Product 300,Furniture,626,Manufacturer 300,2 years,37,18,Supplier 300,1.5,12/31/2044
301,4,Product 301,Toys,496,Manufacturer 301,1 year,23,14,Supplier 301,3.9,01/31/2045
302,3,Product 302,Clothing,638,Manufacturer 302,3 years,18,7,Supplier 302,1.9,02/28/2045
303,3,Product 303,Furniture,707,Manufacturer 303,1 year,22,17,Supplier 303,3.1,03/31/2045
304,1,Product 304,Electronics,490,Manufacturer 304,3 years,71,2,Supplier 304,3.8,04/30/2045
305,4,Product 305,Electronics,325,Manufacturer 305,3 years,72,11,Supplier 305,1.6,05/31/2045
306,3,Product 306,Clothing,994,Manufacturer 306,1 year,55,7,Supplier 306,3.6,06/30/2045
307,4,Product 307,Furniture,64,Manufacturer 307,1 year,42,5,Supplier 307,4.0,07/31/2045
308,2,Product 308,Electronics,447,Manufacturer 308,2 years,23,6,Supplier 308,1.7,08/31/2045
309,2,Product 309,Furniture,217,Manufacturer 309,2 years,54,16,Supplier 309,3.4,09/30/2045
310,2,Product 310,Electronics,274,Manufacturer 310,3 years,47,11,Supplier 310,3.2,10/31/2045
311,4,Product 311,Electronics,857,Manufacturer 311,1 year,79,7,Supplier 311,4.9,11/30/2045
312,1,Product 312,Clothing,143,Manufacturer 312,1 year,35,12,Supplier 312,4.3,12/31/2045
313,1,Product 313,Electronics,255,Manufacturer 313,3 years,88,3,Supplier 313,2.6,01/31/2046
314,2,Product 314,Electronics,398,Manufacturer 314,3 years,22,5,Supplier 314,3.7,02/28/2046
315,3,Product 315,Electronics,644,Manufacturer 315,1 year,31,10,Supplier 315,2.6,03/31/2046
316,2,Product 316,Furniture,622,Manufacturer 316,2 years,40,12,Supplier 316,1.9,04/30/2046
317,4,Product 317,Toys,786,Manufacturer 317,3 years,84,2,Supplier 317,1.9,05/31/2046
318,1,Product 318,Clothing,426,Manufacturer 318,1 year,56,7,Supplier 318,1.8,06/30/2046
319,3,Product 319,Furniture,734,Manufacturer 319,3 years,67,7,Supplier 319,2.9,07/31/2046
320,4,Product 320,Electronics,72,Manufacturer 320,2 years,29,11,Supplier 320,3.0,08/31/2046
321,3,Product 321,Furniture,600,Manufacturer 321,1 year,50,10,Supplier 321,1.1,09/30/2046
322,2,Product 322,Clothing,622,Manufacturer 322,1 year,41,18,Supplier 322,1.1,10/31/2046
323,1,Product 323,Electronics,571,Manufacturer 323,1 year,48,11,Supplier 323,2.3,11/30/2046
324,1,Product 324,Electronics,859,Manufacturer 324,3 years,92,5,Supplier 324,2.7,12/31/2046
325,3,Product 325,Furniture,904,Manufacturer 325,3 years,60,19,Supplier 325,2.3,01/31/2047
326,1,Product 326,Furniture,587,Manufacturer 326,2 years,90,7,Supplier 326,1.2,02/28/2047
327,2,Product 327,Furniture,158,Manufacturer 327,3 years,26,11,Supplier 327,1.1,03/31/2047
328,4,Product 328,Furniture,239,Manufacturer 328,3 years,92,15,Supplier 328,2.6,04/30/2047
329,1,Product 329,Furniture,729,Manufacturer 329,2 years,45,10,Supplier 329,2.0,05/31/2047
330,2,Product 330,Electronics,862,Manufacturer 330,1 year,75,9,Supplier 330,2.4,06/30/2047
331,3,Product 331,Furniture,816,Manufacturer 331,3 years,23,19,Supplier 331,4.3,07/31/2047
332,1,Product 332,Clothing,99,Manufacturer 332,3 years,46,12,Supplier 332,1.0,08/31/2047
333,3,Product 333,Toys,590,Manufacturer 333,2 years,54,4,Supplier 333,3.8,09/30/2047
334,4,Product 334,Clothing,538,Manufacturer 334,2 years,34,16,Supplier 334,4.0,10/31/2047
335,1,Product 335,Electronics,348,Manufacturer 335,2 years,79,4,Supplier 335,1.3,11/30/2047
336,1,Product 336,Toys,104,Manufacturer 336,2 years,73,17,Supplier 336,3.2,12/31/2047
337,3,Product 337,Toys,981,Manufacturer 337,2 years,54,6,Supplier 337,1.6,01/31/2048
338,4,Product 338,Clothing,253,Manufacturer 338,3 years,56,18,Supplier 338,1.8,02/29/2048
339,4,Product 339,Electronics,734,Manufacturer 339,2 years,88,2,Supplier 339,2.0,03/31/2048
340,4,Product 340,Clothing,994,Manufacturer 340,2 years,77,6,Supplier 340,3.2,04/30/2048
341,3,Product 341,Furniture,320,Manufacturer 341,1 year,62,15,Supplier 341,1.0,05/31/2048
342,3,Product 342,Furniture,867,Manufacturer 342,3 years,80,6,Supplier 342,2.7,06/30/2048
343,1,Product 343,Toys,766,Manufacturer 343,1 year,72,17,Supplier 343,2.3,07/31/2048
344,4,Product 344,Furniture,155,Manufacturer 344,1 year,20,14,Supplier 344,3.9,08/31/2048
345,3,Product 345,Electronics,52,Manufacturer 345,3 years,87,13,Supplier 345,3.7,09/30/2048
346,2,Product 346,Electronics,951,Manufacturer 346,3 years,96,4,Supplier 346,4.1,10/31/2048
347,1,Product 347,Electronics,256,Manufacturer 347,3 years,93,1,Supplier 347,4.7,11/30/2048
348,3,Product 348,Furniture,556,Manufacturer 348,3 years,48,11,Supplier 348,3.0,12/31/2048
349,3,Product 349,Electronics,569,Manufacturer 349,3 years,96,12,Supplier 349,1.1,01/31/2049
350,4,Product 350,Clothing,576,Manufacturer 350,3 years,87,7,Supplier 350,4.7,02/28/2049
351,3,Product 351,Clothing,912,Manufacturer 351,1 year,68,2,Supplier 351,1.3,03/31/2049
352,4,Product 352,Toys,323,Manufacturer 352,2 years,20,9,Supplier 352,4.7,04/30/2049
353,2,Product 353,Toys,694,Manufacturer 353,1 year,60,9,Supplier 353,4.2,05/31/2049
354,2,Product 354,Toys,887,Manufacturer 354,2 years,21,14,Supplier 354,1.8,06/30/2049
355,3,Product 355,Clothing,361,Manufacturer 355,2 years,56,4,Supplier 355,2.5,07/31/2049
356,1,Product 356,Toys,58,Manufacturer 356,2 years,58,5,Supplier 356,3.3,08/31/2049
357,3,Product 357,Furniture,994,Manufacturer 357,3 years,82,15,Supplier 357,2.7,09/30/2049
358,4,Product 358,Clothing,939,Manufacturer 358,2 years,24,1,Supplier 358,4.1,10/31/2049
359,2,Product 359,Toys,178,Manufacturer 359,1 year,34,10,Supplier 359,1.2,11/30/2049
360,1,Product 360,Toys,770,Manufacturer 360,3 years,28,10,Supplier 360,3.2,12/31/2049
361,3,Product 361,Toys,292,Manufacturer 361,2 years,69,4,Supplier 361,1.5,01/31/2050
362,3,Product 362,Electronics,349,Manufacturer 362,3 years,19,10,Supplier 362,2.7,02/28/2050
363,1,Product 363,Toys,933,Manufacturer 363,2 years,35,5,Supplier 363,4.1,03/31/2050
364,3,Product 364,Clothing,462,Manufacturer 364,2 years,58,8,Supplier 364,4.3,04/30/2050
365,3,Product 365,Clothing,326,Manufacturer 365,1 year,46,8,Supplier 365,1.6,05/31/2050
366,4,Product 366,Electronics,661,Manufacturer 366,1 year,91,10,Supplier 366,3.8,06/30/2050
367,1,Product 367,Furniture,783,Manufacturer 367,3 years,22,18,Supplier 367,1.3,07/31/2050
368,2,Product 368,Furniture,732,Manufacturer 368,2 years,90,6,Supplier 368,4.4,08/31/2050
369,3,Product 369,Furniture,988,Manufacturer 369,1 year,77,5,Supplier 369,2.5,09/30/2050
370,4,Product 370,Clothing,245,Manufacturer 370,3 years,65,14,Supplier 370,1.8,10/31/2050
371,4,Product 371,Toys,110,Manufacturer 371,3 years,73,1,Supplier 371,3.4,11/30/2050
372,2,Product 372,Furniture,723,Manufacturer 372,2 years,81,17,Supplier 372,1.1,12/31/2050
373,4,Product 373,Furniture,876,Manufacturer 373,1 year,82,18,Supplier 373,4.4,01/31/2051
374,1,Product 374,Toys,990,Manufacturer 374,1 year,30,19,Supplier 374,4.7,02/28/2051
375,1,Product 375,Toys,516,Manufacturer 375,2 years,48,4,Supplier 375,4.9,03/31/2051
376,1,Product 376,Electronics,408,Manufacturer 376,2 years,58,10,Supplier 376,2.5,04/30/2051
377,1,Product 377,Furniture,363,Manufacturer 377,1 year,52,14,Supplier 377,2.0,05/31/2051
378,2,Product 378,Toys,205,Manufacturer 378,3 years,12,19,Supplier 378,4.7,06/30/2051
379,1,Product 379,Furniture,799,Manufacturer 379,2 years,14,2,Supplier 379,4.7,07/31/2051
380,3,Product 380,Clothing,94,Manufacturer 380,2 years,41,8,Supplier 380,4.7,08/31/2051
381,2,Product 381,Electronics,731,Manufacturer 381,3 years,96,9,Supplier 381,4.7,09/30/2051
382,1,Product 382,Electronics,817,Manufacturer 382,2 years,62,12,Supplier 382,3.6,10/31/2051
383,2,Product 383,Electronics,481,Manufacturer 383,3 years,12,3,Supplier 383,1.0,11/30/2051
384,3,Product 384,Clothing,696,Manufacturer 384,3 years,39,4,Supplier 384,4.0,12/31/2051
385,3,Product 385,Furniture,849,Manufacturer 385,3 years,88,3,Supplier 385,4.8,01/31/2052
386,2,Product 386,Furniture,869,Manufacturer 386,1 year,98,10,Supplier 386,1.8,02/29/2052
387,1,Product 387,Clothing,724,Manufacturer 387,3 years,90,15,Supplier 387,2.0,03/31/2052
388,1,Product 388,Furniture,835,Manufacturer 388,1 year,43,4,Supplier 388,2.1,04/30/2052
389,4,Product 389,Furniture,358,Manufacturer 389,1 year,89,1,Supplier 389,4.1,05/31/2052
390,2,Product 390,Toys,831,Manufacturer 390,1 year,22,9,Supplier 390,3.4,06/30/2052
391,2,Product 391,Furniture,751,Manufacturer 391,1 year,11,9,Supplier 391,1.2,07/31/2052
392,1,Product 392,Furniture,292,Manufacturer 392,2 years,46,2,Supplier 392,3.1,08/31/2052
393,3,Product 393,Clothing,917,Manufacturer 393,1 year,14,3,Supplier 393,2.3,09/30/2052
394,2,Product 394,Electronics,242,Manufacturer 394,3 years,96,17,Supplier 394,4.1,10/31/2052
395,2,Product 395,Toys,899,Manufacturer 395,1 year,39,1,Supplier 395,3.4,11/30/2052
396,2,Product 396,Clothing,819,Manufacturer 396,2 years,26,9,Supplier 396,2.4,12/31/2052
397,2,Product 397,Clothing,189,Manufacturer 397,3 years,73,17,Supplier 397,1.7,01/31/2053
398,4,Product 398,Toys,788,Manufacturer 398,2 years,81,13,Supplier 398,1.3,02/28/2053
399,2,Product 399,Electronics,688,Manufacturer 399,1 year,10,8,Supplier 399,3.9,03/31/2053
400,3,Product 400,Toys,617,Manufacturer 400,3 years,20,15,Supplier 400,3.5,04/30/2053
401,4,Product 401,Clothing,322,Manufacturer 401,3 years,59,5,Supplier 401,2.2,05/31/2053
402,2,Product 402,Clothing,808,Manufacturer 402,3 years,90,6,Supplier 402,4.4,06/30/2053
403,1,Product 403,Furniture,639,Manufacturer 403,2 years,31,8,Supplier 403,1.3,07/31/2053
404,2,Product 404,Furniture,613,Manufacturer 404,2 years,15,9,Supplier 404,4.4,08/31/2053
405,4,Product 405,Furniture,566,Manufacturer 405,3 years,55,12,Supplier 405,1.8,09/30/2053
406,4,Product 406,Furniture,265,Manufacturer 406,1 year,44,5,Supplier 406,3.8,10/31/2053
407,1,Product 407,Toys,575,Manufacturer 407,2 years,26,19,Supplier 407,2.1,11/30/2053
408,4,Product 408,Clothing,414,Manufacturer 408,2 years,76,1,Supplier 408,1.5,12/31/2053
409,4,Product 409,Furniture,497,Manufacturer 409,3 years,21,18,Supplier 409,2.3,01/31/2054
410,2,Product 410,Clothing,287,Manufacturer 410,1 year,34,17,Supplier 410,4.0,02/28/2054
411,2,Product 411,Furniture,645,Manufacturer 411,1 year,16,14,Supplier 411,3.7,03/31/2054
412,4,Product 412,Toys,622,Manufacturer 412,3 years,23,9,Supplier 412,3.9,04/30/2054
413,3,Product 413,Clothing,331,Manufacturer 413,3 years,67,17,Supplier 413,2.1,05/31/2054
414,3,Product 414,Furniture,246,Manufacturer 414,1 year,36,16,Supplier 414,4.3,06/30/2054
415,2,Product 415,Furniture,687,Manufacturer 415,1 year,72,4,Supplier 415,1.3,07/31/2054
416,3,Product 416,Electronics,97,Manufacturer 416,1 year,35,16,Supplier 416,1.7,08/31/2054
417,1,Product 417,Furniture,58,Manufacturer 417,2 years,38,11,Supplier 417,4.7,09/30/2054
418,4,Product 418,Toys,898,Manufacturer 418,3 years,71,16,Supplier 418,3.2,10/31/2054
419,3,Product 419,Toys,386,Manufacturer 419,1 year,17,11,Supplier 419,4.0,11/30/2054
420,2,Product 420,Electronics,481,Manufacturer 420,1 year,18,18,Supplier 420,3.4,12/31/2054
421,4,Product 421,Toys,762,Manufacturer 421,1 year,99,4,Supplier 421,2.0,01/31/2055
422,2,Product 422,Toys,883,Manufacturer 422,1 year,26,8,Supplier 422,2.2,02/28/2055
423,4,Product 423,Toys,478,Manufacturer 423,3 years,63,3,Supplier 423,3.8,03/31/2055
424,3,Product 424,Furniture,686,Manufacturer 424,3 years,43,17,Supplier 424,2.9,04/30/2055
425,3,Product 425,Toys,268,Manufacturer 425,3 years,28,8,Supplier 425,4.0,05/31/2055
426,4,Product 426,Electronics,211,Manufacturer 426,3 years,47,13,Supplier 426,4.5,06/30/2055
427,1,Product 427,Toys,186,Manufacturer 427,3 years,10,3,Supplier 427,2.8,07/31/2055
428,3,Product 428,Clothing,380,Manufacturer 428,3 years,21,15,Supplier 428,4.3,08/31/2055
429,4,Product 429,Toys,576,Manufacturer 429,3 years,46,14,Supplier 429,3.2,09/30/2055
430,2,Product 430,Clothing,359,Manufacturer 430,1 year,92,19,Supplier 430,4.9,10/31/2055
431,3,Product 431,Electronics,242,Manufacturer 431,1 year,26,10,Supplier 431,3.0,11/30/2055
432,4,Product 432,Furniture,576,Manufacturer 432,1 year,53,14,Supplier 432,5.0,12/31/2055
433,4,Product 433,Clothing,828,Manufacturer 433,1 year,12,14,Supplier 433,3.2,01/31/2056
434,1,Product 434,Toys,264,Manufacturer 434,2 years,75,18,Supplier 434,4.1,02/29/2056
435,1,Product 435,Clothing,127,Manufacturer 435,2 years,14,11,Supplier 435,4.3,03/31/2056
436,3,Product 436,Electronics,144,Manufacturer 436,1 year,81,6,Supplier 436,4.5,04/30/2056
437,2,Product 437,Electronics,848,Manufacturer 437,2 years,20,19,Supplier 437,2.5,05/31/2056
438,3,Product 438,Furniture,621,Manufacturer 438,3 years,77,3,Supplier 438,1.5,06/30/2056
439,3,Product 439,Furniture,606,Manufacturer 439,2 years,76,15,Supplier 439,1.1,07/31/2056
440,4,Product 440,Electronics,495,Manufacturer 440,1 year,13,5,Supplier 440,4.7,08/31/2056
441,3,Product 441,Toys,824,Manufacturer 441,2 years,68,11,Supplier 441,1.8,09/30/2056
442,2,Product 442,Clothing,208,Manufacturer 442,3 years,28,14,Supplier 442,4.4,10/31/2056
443,4,Product 443,Electronics,451,Manufacturer 443,2 years,15,13,Supplier 443,2.9,11/30/2056
444,2,Product 444,Toys,239,Manufacturer 444,3 years,53,15,Supplier 444,2.8,12/31/2056
445,3,Product 445,Furniture,977,Manufacturer 445,2 years,71,13,Supplier 445,4.8,01/31/2057
446,1,Product 446,Clothing,833,Manufacturer 446,2 years,94,8,Supplier 446,3.1,02/28/2057
447,4,Product 447,Furniture,192,Manufacturer 447,2 years,88,7,Supplier 447,1.3,03/31/2057
448,2,Product 448,Furniture,159,Manufacturer 448,2 years,17,1,Supplier 448,4.2,04/30/2057
449,3,Product 449,Furniture,419,Manufacturer 449,2 years,47,14,Supplier 449,1.3,05/31/2057
450,1,Product 450,Clothing,140,Manufacturer 450,3 years,34,11,Supplier 450,3.2,06/30/2057
451,4,Product 451,Electronics,578,Manufacturer 451,2 years,21,17,Supplier 451,4.2,07/31/2057
452,3,Product 452,Toys,860,Manufacturer 452,1 year,34,14,Supplier 452,2.9,08/31/2057
453,2,Product 453,Furniture,552,Manufacturer 453,1 year,64,16,Supplier 453,4.6,09/30/2057
454,4,Product 454,Furniture,252,Manufacturer 454,2 years,73,14,Supplier 454,1.4,10/31/2057
455,2,Product 455,Clothing,797,Manufacturer 455,1 year,63,9,Supplier 455,2.3,11/30/2057
456,3,Product 456,Toys,437,Manufacturer 456,2 years,41,18,Supplier 456,4.6,12/31/2057
457,3,Product 457,Toys,836,Manufacturer 457,3 years,14,10,Supplier 457,4.3,01/31/2058
458,4,Product 458,Clothing,494,Manufacturer 458,1 year,85,1,Supplier 458,3.1,02/28/2058
459,2,Product 459,Furniture,168,Manufacturer 459,1 year,92,1,Supplier 459,2.2,03/31/2058
460,2,Product 460,Clothing,324,Manufacturer 460,3 years,25,3,Supplier 460,1.6,04/30/2058
461,1,Product 461,Furniture,624,Manufacturer 461,3 years,58,1,Supplier 461,4.4,05/31/2058
462,3,Product 462,Electronics,532,Manufacturer 462,3 years,41,4,Supplier 462,1.9,06/30/2058
463,2,Product 463,Toys,564,Manufacturer 463,3 years,68,9,Supplier 463,3.8,07/31/2058
464,3,Product 464,Clothing,995,Manufacturer 464,3 years,74,17,Supplier 464,2.6,08/31/2058
465,3,Product 465,Toys,224,Manufacturer 465,3 years,79,18,Supplier 465,3.4,09/30/2058
466,3,Product 466,Toys,553,Manufacturer 466,2 years,46,12,Supplier 466,1.6,10/31/2058
467,1,Product 467,Electronics,967,Manufacturer 467,3 years,44,3,Supplier 467,3.3,11/30/2058
468,1,Product 468,Toys,310,Manufacturer 468,2 years,29,10,Supplier 468,4.4,12/31/2058
469,2,Product 469,Electronics,589,Manufacturer 469,1 year,89,8,Supplier 469,2.7,01/31/2059
470,4,Product 470,Clothing,984,Manufacturer 470,1 year,84,1,Supplier 470,3.1,02/28/2059
471,3,Product 471,Clothing,896,Manufacturer 471,3 years,71,2,Supplier 471,1.9,03/31/2059
472,3,Product 472,Electronics,500,Manufacturer 472,3 years,37,4,Supplier 472,4.7,04/30/2059
473,1,Product 473,Furniture,329,Manufacturer 473,2 years,50,9,Supplier 473,4.0,05/31/2059
474,2,Product 474,Toys,738,Manufacturer 474,3 years,75,9,Supplier 474,1.6,06/30/2059
475,3,Product 475,Toys,518,Manufacturer 475,3 years,46,7,Supplier 475,4.9,07/31/2059
476,1,Product 476,Electronics,76,Manufacturer 476,1 year,69,10,Supplier 476,4.6,08/31/2059
477,1,Product 477,Clothing,234,Manufacturer 477,1 year,19,17,Supplier 477,3.5,09/30/2059
478,2,Product 478,Clothing,858,Manufacturer 478,1 year,95,17,Supplier 478,4.7,10/31/2059
479,1,Product 479,Electronics,165,Manufacturer 479,1 year,57,16,Supplier 479,4.5,11/30/2059
480,4,Product 480,Clothing,150,Manufacturer 480,2 years,10,5,Supplier 480,4.1,12/31/2059
481,2,Product 481,Furniture,346,Manufacturer 481,2 years,36,19,Supplier 481,4.4,01/31/2060
482,3,Product 482,Clothing,59,Manufacturer 482,3 years,46,10,Supplier 482,1.2,02/29/2060
483,3,Product 483,Electronics,292,Manufacturer 483,3 years,25,15,Supplier 483,1.9,03/31/2060
484,2,Product 484,Electronics,177,Manufacturer 484,2 years,87,15,Supplier 484,3.9,04/30/2060
485,4,Product 485,Furniture,510,Manufacturer 485,1 year,33,11,Supplier 485,4.2,05/31/2060
486,2,Product 486,Toys,206,Manufacturer 486,2 years,85,19,Supplier 486,1.6,06/30/2060
487,4,Product 487,Toys,99,Manufacturer 487,1 year,61,6,Supplier 487,2.9,07/31/2060
488,4,Product 488,Toys,571,Manufacturer 488,2 years,18,10,Supplier 488,2.3,08/31/2060
489,4,Product 489,Toys,471,Manufacturer 489,1 year,34,6,Supplier 489,4.5,09/30/2060
490,4,Product 490,Electronics,59,Manufacturer 490,1 year,81,18,Supplier 490,2.7,10/31/2060
491,3,Product 491,Clothing,397,Manufacturer 491,1 year,78,12,Supplier 491,3.9,11/30/2060
492,2,Product 492,Clothing,473,Manufacturer 492,1 year,77,5,Supplier 492,3.7,12/31/2060
493,4,Product 493,Furniture,842,Manufacturer 493,3 years,77,10,Supplier 493,2.3,01/31/2061
494,2,Product 494,Clothing,189,Manufacturer 494,1 year,37,17,Supplier 494,5.0,02/28/2061
495,1,Product 495,Toys,704,Manufacturer 495,2 years,50,7,Supplier 495,4.3,03/31/2061
496,4,Product 496,Furniture,955,Manufacturer 496,2 years,15,17,Supplier 496,2.1,04/30/2061
497,3,Product 497,Electronics,676,Manufacturer 497,1 year,76,13,Supplier 497,2.6,05/31/2061
498,1,Product 498,Clothing,641,Manufacturer 498,3 years,43,8,Supplier 498,1.7,06/30/2061
499,3,Product 499,Clothing,602,Manufacturer 499,1 year,20,3,Supplier 499,4.7,07/31/2061
500,3,Product 500,Furniture,332,Manufacturer 500,2 years,21,15,Supplier 500,1.7,08/31/2061
